<?xml version="1.0" encoding="UTF-8"?>
<metadata xml:lang="en"><Esri><CreaDate>20200103</CreaDate><CreaTime>14334200</CreaTime><ArcGISFormat>1.0</ArcGISFormat><SyncOnce>FALSE</SyncOnce><DataProperties><itemProps><itemName Sync="TRUE">TWS_Conservation_Analysis</itemName><imsContentType Sync="TRUE">002</imsContentType><itemSize Sync="TRUE">0.000</itemSize><itemLocation><linkage Sync="TRUE">file://\\mbosher-W540\Users\mbosher\Dropbox (TWS)\Projects\Data\Nevada\Clark_County\Clark_County_Proposal\TWS_ClarkCounty_DataTransfer\TWS_Conservation_Analysis.shp</linkage><protocol Sync="TRUE">Local Area Network</protocol></itemLocation></itemProps><coordRef><type Sync="TRUE">Geographic</type><geogcsn Sync="TRUE">GCS_WGS_1984</geogcsn><csUnits Sync="TRUE">Angular Unit: Degree (0.017453)</csUnits><peXml Sync="TRUE">&lt;GeographicCoordinateSystem xsi:type='typens:GeographicCoordinateSystem' xmlns:xsi='http://www.w3.org/2001/XMLSchema-instance' xmlns:xs='http://www.w3.org/2001/XMLSchema' xmlns:typens='http://www.esri.com/schemas/ArcGIS/2.2.0'&gt;&lt;WKT&gt;GEOGCS[&amp;quot;GCS_WGS_1984&amp;quot;,DATUM[&amp;quot;D_WGS_1984&amp;quot;,SPHEROID[&amp;quot;WGS_1984&amp;quot;,6378137.0,298.257223563]],PRIMEM[&amp;quot;Greenwich&amp;quot;,0.0],UNIT[&amp;quot;Degree&amp;quot;,0.0174532925199433],AUTHORITY[&amp;quot;EPSG&amp;quot;,4326]]&lt;/WKT&gt;&lt;XOrigin&gt;-400&lt;/XOrigin&gt;&lt;YOrigin&gt;-400&lt;/YOrigin&gt;&lt;XYScale&gt;11258999068426.238&lt;/XYScale&gt;&lt;ZOrigin&gt;-100000&lt;/ZOrigin&gt;&lt;ZScale&gt;10000&lt;/ZScale&gt;&lt;MOrigin&gt;-100000&lt;/MOrigin&gt;&lt;MScale&gt;10000&lt;/MScale&gt;&lt;XYTolerance&gt;8.983152841195215e-09&lt;/XYTolerance&gt;&lt;ZTolerance&gt;0.001&lt;/ZTolerance&gt;&lt;MTolerance&gt;0.001&lt;/MTolerance&gt;&lt;HighPrecision&gt;true&lt;/HighPrecision&gt;&lt;LeftLongitude&gt;-180&lt;/LeftLongitude&gt;&lt;WKID&gt;4326&lt;/WKID&gt;&lt;LatestWKID&gt;4326&lt;/LatestWKID&gt;&lt;/GeographicCoordinateSystem&gt;</peXml></coordRef><lineage><Process ToolSource="c:\program files\arcgis\pro\Resources\ArcToolbox\toolboxes\Data Management Tools.tbx\CopyFeatures" Date="20190311" Time="143014">CopyFeatures TWS_Proposed_Polygons_update P:\Projects\Data\Nevada\Clark_County\Clark_County_Proposal\TWS_ClarkCounty_DataTransfer\TWS_Conservation_Analysis.shp # # # #</Process><Process ToolSource="c:\program files (x86)\arcgis\desktop10.7\ArcToolbox\Toolboxes\Data Management Tools.tbx\Merge" Date="20200128" Time="150624">Merge NewBill\WildernessProposals;NewBill\SMAs_NCAs_Proposals;NewBill\Mojave_SMcC_WildProposal;NewBill\Eldorado_WildProposal "H:\Shared drives\Center_Conservation_Innovation\Projects\Desert_Tortoise\Data\ClarkGain.shp" "Name "Name" true true false 254 Text 0 0 ,First,#,NewBill\WildernessProposals,Name,-1,-1,NewBill\SMAs_NCAs_Proposals,Name,-1,-1,NewBill\Mojave_SMcC_WildProposal,Name,-1,-1,NewBill\Eldorado_WildProposal,Name,-1,-1;Designatio "Designatio" true true false 254 Text 0 0 ,First,#,NewBill\WildernessProposals,Designatio,-1,-1,NewBill\SMAs_NCAs_Proposals,Designatio,-1,-1,NewBill\Mojave_SMcC_WildProposal,Designatio,-1,-1,NewBill\Eldorado_WildProposal,Designatio,-1,-1;GIS_Acres "GIS_Acres" true true false 19 Double 0 0 ,First,#,NewBill\WildernessProposals,GIS_Acres,-1,-1,NewBill\SMAs_NCAs_Proposals,GIS_Acres,-1,-1,NewBill\Mojave_SMcC_WildProposal,GIS_Acres,-1,-1,NewBill\Eldorado_WildProposal,GIS_Acres,-1,-1;Shape__Are "Shape__Are" true true false 19 Double 0 0 ,First,#,NewBill\WildernessProposals,Shape__Are,-1,-1,NewBill\SMAs_NCAs_Proposals,Shape__Are,-1,-1,NewBill\Mojave_SMcC_WildProposal,Shape__Are,-1,-1,NewBill\Eldorado_WildProposal,Shape__Are,-1,-1;Shape__Len "Shape__Len" true true false 19 Double 0 0 ,First,#,NewBill\WildernessProposals,Shape__Len,-1,-1,NewBill\SMAs_NCAs_Proposals,Shape__Len,-1,-1,NewBill\Mojave_SMcC_WildProposal,Shape__Len,-1,-1,NewBill\Eldorado_WildProposal,Shape__Len,-1,-1;Notes "Notes" true true false 254 Text 0 0 ,First,#,NewBill\WildernessProposals,Notes,-1,-1,NewBill\SMAs_NCAs_Proposals,Notes,-1,-1,NewBill\Mojave_SMcC_WildProposal,Notes,-1,-1,NewBill\Eldorado_WildProposal,Notes,-1,-1;acres "acres" true true false 13 Float 0 0 ,First,#,NewBill\WildernessProposals,acres,-1,-1,NewBill\SMAs_NCAs_Proposals,acres,-1,-1,NewBill\Mojave_SMcC_WildProposal,acres,-1,-1,NewBill\Eldorado_WildProposal,acres,-1,-1"</Process></lineage></DataProperties><SyncDate>20190311</SyncDate><SyncTime>14301100</SyncTime><ModDate>20190311</ModDate><ModTime>14301100</ModTime></Esri><dataIdInfo><envirDesc Sync="TRUE">Microsoft Windows 10 Version 10.0 (Build 17134) ; Esri ArcGIS 12.2.1.12813</envirDesc><dataLang><languageCode value="eng" Sync="TRUE"></languageCode><countryCode value="USA" Sync="TRUE"></countryCode></dataLang><idCitation><resTitle Sync="TRUE">TWS_Conservation_Analysis</resTitle><presForm><PresFormCd value="005" Sync="TRUE"></PresFormCd></presForm></idCitation><spatRpType><SpatRepTypCd value="001" Sync="TRUE"></SpatRepTypCd></spatRpType></dataIdInfo><mdLang><languageCode value="eng" Sync="TRUE"></languageCode><countryCode value="USA" Sync="TRUE"></countryCode></mdLang><mdChar><CharSetCd value="004" Sync="TRUE"></CharSetCd></mdChar><distInfo><distFormat><formatName Sync="TRUE">Shapefile</formatName></distFormat><distTranOps><transSize Sync="TRUE">0.000</transSize></distTranOps></distInfo><mdHrLv><ScopeCd value="005" Sync="TRUE"></ScopeCd></mdHrLv><mdHrLvName Sync="TRUE">dataset</mdHrLvName><refSysInfo><RefSystem><refSysID><identCode code="4326" Sync="TRUE"></identCode><idCodeSpace Sync="TRUE">EPSG</idCodeSpace><idVersion Sync="TRUE">6.14(3.0.1)</idVersion></refSysID></RefSystem></refSysInfo><spatRepInfo><VectSpatRep><geometObjs Name="TWS_Conservation_Analysis"><geoObjTyp><GeoObjTypCd value="002" Sync="TRUE"></GeoObjTypCd></geoObjTyp><geoObjCnt Sync="TRUE">0</geoObjCnt></geometObjs><topLvl><TopoLevCd value="001" Sync="TRUE"></TopoLevCd></topLvl></VectSpatRep></spatRepInfo><spdoinfo><ptvctinf><esriterm Name="TWS_Conservation_Analysis"><efeatyp Sync="TRUE">Simple</efeatyp><efeageom code="4" Sync="TRUE"></efeageom><esritopo Sync="TRUE">FALSE</esritopo><efeacnt Sync="TRUE">0</efeacnt><spindex Sync="TRUE">FALSE</spindex><linrefer Sync="TRUE">TRUE</linrefer></esriterm></ptvctinf></spdoinfo><eainfo><detailed Name="TWS_Conservation_Analysis"><enttyp><enttypl Sync="TRUE">TWS_Conservation_Analysis</enttypl><enttypt Sync="TRUE">Feature Class</enttypt><enttypc Sync="TRUE">0</enttypc></enttyp><attr><attrlabl Sync="TRUE">FID</attrlabl><attalias Sync="TRUE">FID</attalias><attrtype Sync="TRUE">OID</attrtype><attwidth Sync="TRUE">4</attwidth><atprecis Sync="TRUE">0</atprecis><attscale Sync="TRUE">0</attscale><attrdef Sync="TRUE">Internal feature number.</attrdef><attrdefs Sync="TRUE">Esri</attrdefs><attrdomv><udom Sync="TRUE">Sequential unique whole numbers that are automatically generated.</udom></attrdomv></attr><attr><attrlabl Sync="TRUE">Shape</attrlabl><attalias Sync="TRUE">Shape</attalias><attrtype Sync="TRUE">Geometry</attrtype><attwidth Sync="TRUE">0</attwidth><atprecis Sync="TRUE">0</atprecis><attscale Sync="TRUE">0</attscale><attrdef Sync="TRUE">Feature geometry.</attrdef><attrdefs Sync="TRUE">Esri</attrdefs><attrdomv><udom Sync="TRUE">Coordinates defining the features.</udom></attrdomv></attr><attr><attrlabl Sync="TRUE">Name</attrlabl><attalias Sync="TRUE">Name</attalias><attrtype Sync="TRUE">String</attrtype><attwidth Sync="TRUE">254</attwidth><atprecis Sync="TRUE">0</atprecis><attscale Sync="TRUE">0</attscale></attr><attr><attrlabl Sync="TRUE">Designatio</attrlabl><attalias Sync="TRUE">Designatio</attalias><attrtype Sync="TRUE">String</attrtype><attwidth Sync="TRUE">254</attwidth><atprecis Sync="TRUE">0</atprecis><attscale Sync="TRUE">0</attscale></attr><attr><attrlabl Sync="TRUE">GIS_Acres</attrlabl><attalias Sync="TRUE">GIS_Acres</attalias><attrtype Sync="TRUE">Double</attrtype><attwidth Sync="TRUE">19</attwidth><atprecis Sync="TRUE">0</atprecis><attscale Sync="TRUE">0</attscale></attr><attr><attrlabl Sync="TRUE">Shape__Are</attrlabl><attalias Sync="TRUE">Shape__Are</attalias><attrtype Sync="TRUE">Double</attrtype><attwidth Sync="TRUE">19</attwidth><atprecis Sync="TRUE">0</atprecis><attscale Sync="TRUE">0</attscale></attr><attr><attrlabl Sync="TRUE">Shape__Len</attrlabl><attalias Sync="TRUE">Shape__Len</attalias><attrtype Sync="TRUE">Double</attrtype><attwidth Sync="TRUE">19</attwidth><atprecis Sync="TRUE">0</atprecis><attscale Sync="TRUE">0</attscale></attr><attr><attrlabl Sync="TRUE">Notes</attrlabl><attalias Sync="TRUE">Notes</attalias><attrtype Sync="TRUE">String</attrtype><attwidth Sync="TRUE">254</attwidth><atprecis Sync="TRUE">0</atprecis><attscale Sync="TRUE">0</attscale></attr></detailed></eainfo><mdDateSt Sync="TRUE">20190311</mdDateSt></metadata>
